BrandName,Description
PetCo,Affordable pet products for all kinds of animals.
Nature's Best,Natural and organic pet supplies.
HappyPaws,Innovative and durable pet toys.
FurCare,Specialized in grooming and pet care products.
VetCare,Health-focused products for pets.
HomeSweetHome,High-quality housing and accessories for pets.
TrainPro,Training aids and behavioral tools for pets.
Pawfect,Luxury accessories for stylish pets.
GreenPaws,Eco-friendly pet products made from sustainable materials.
ChewyChums,Tasty treats and chews for pets of all sizes.
ActiveTail,Fitness and activity gear for pets.
PetZone,General pet supplies for everyday needs.
ComfortPaws,Soft bedding and cushions for pets' comfort.
HealthyPet,Supplements and vitamins for healthier pets.
FidoFun,Interactive toys for dogs and other active pets.
PurrfectChoice,Products tailored for cats' unique needs.
CritterCare,"Small animal products for rabbits, hamsters, and more."
WildNest,"Bird cages, food, and accessories."
AquaWorld,Aquariums and accessories for fish and aquatic pets.
ExoticLife,Products for reptiles and exotic pets.
BuddyBites,Premium pet food made with care.
